wet_day,day_count,avg_crashes,median_crashes,avg_injuries,scenario
0,144,289.52777777777777,295.5,65.46527777777777,A: Officer-reported
1,37,322.05405405405406,318.0,65.13513513513513,A: Officer-reported
0,87,285.7241379310345,289.0,65.42528735632185,B: Open-Meteo
1,94,305.8510638297872,312.0,65.37234042553192,B: Open-Meteo
0,70,295.42857142857144,297.0,68.81428571428572,C: Open-Meteo (low-uncertainty days only)
1,67,307.2835820895522,317.0,67.43283582089552,C: Open-Meteo (low-uncertainty days only)
