wet_day,day_count,avg_crashes,median_crashes,avg_injuries,scenario
0,144,289.52777777777777,295.5,65.46527777777777,A: Officer-reported
1,37,322.05405405405406,318.0,65.13513513513513,A: Officer-reported
